{"cameraMode":{"drawMode":0,"name":"Shaded","section":"Shading Mode"},"sceneLighting":false,"audioPlay":false,"sceneViewState":{"m_AlwaysRefresh":false,"showFog":true,"showSkybox":true,"showFlares":true,"showImageEffects":true,"showParticleSystems":true,"showVisualEffectGraphs":true,"m_FxEnabled":true},"in2DMode":false,"pivot":{"x":0.9841405153274536,"y":1.773496150970459,"z":2.994917869567871},"rotation":{"x":0.14085829257965089,"y":0.01317555084824562,"z":-0.0015093069523572922,"w":0.9901272654533386},"size":6.586108684539795,"orthographic":false}